{
  "resourceType" : "ValueSet",
  "id" : "Birthweight-values",
  "text" : {
    "status" : "generated",
    "div" : "<div xmlns=\"http://www.w3.org/1999/xhtml\"><p>This value set includes codes based on the following rules:</p><ul><li>Include these codes as defined in <a href=\"http://www.snomed.org/\"><code>http://snomed.info/sct</code></a><table class=\"none\"><tr><td style=\"white-space:nowrap\"><b>Code</b></td><td><b>Display</b></td></tr><tr><td><a href=\"http://snomed.info/id/276610007\">276610007</a></td><td>Birthweight</td></tr></table></li><li>Include these codes as defined in <a href=\"http://loinc.org\"><code>http://loinc.org</code></a><table class=\"none\"><tr><td style=\"white-space:nowrap\"><b>Code</b></td><td><b>Display</b></td></tr><tr><td><a href=\"https://loinc.org/8339-4/\">8339-4</a></td><td>Birth weight Measured</td></tr><tr><td><a href=\"https://loinc.org/56056-5/\">56056-5</a></td><td>Birth weight - Reported</td></tr></table></li></ul></div>"
  },
  "url" : "http://health.go.ke/ig/smart-immunizations-measles/ValueSet/Birthweight-values",
  "version" : "0.1.0",
  "name" : "Birthweightvalues",
  "title" : "Birthweight valueset",
  "status" : "draft",
  "experimental" : false,
  "date" : "2023-10-26T13:28:19+00:00",
  "publisher" : "Kenya MOH",
  "contact" : [{
    "name" : "Kenya MOH",
    "telecom" : [{
      "system" : "url",
      "value" : "http://health.go.ke"
    }]
  }],
  "description" : "Codes representing Birthweight values",
  "immutable" : true,
  "compose" : {
    "include" : [{
      "system" : "http://snomed.info/sct",
      "concept" : [{
        "code" : "276610007",
        "display" : "Birthweight"
      }]
    },
    {
      "system" : "http://loinc.org",
      "concept" : [{
        "code" : "8339-4",
        "display" : "Birth weight Measured"
      },
      {
        "code" : "56056-5",
        "display" : "Birth weight - Reported"
      }]
    }]
  }
}