{"resourceType":"CodeSystem","id":"IMMZ.C","text":{"status":"generated","div":"<div xmlns=\"http://www.w3.org/1999/xhtml\"><p>This case-insensitive code system <code>http://health.go.ke/ig/smart-immunizations-measles/CodeSystem/IMMZ.C</code> defines the following codes:</p><table class=\"codes\"><tr><td style=\"white-space:nowrap\"><b>Code</b></td><td><b>Display</b></td><td><b>Definition</b></td></tr><tr><td style=\"white-space:nowrap\">DE1<a name=\"IMMZ.C-DE1\"> </a></td><td>Unique identifier</td><td>Unique identifier for the client, according to the policies applicable to each country. There can be more than one unique identifier used to link records (e.g. national ID, health ID, immunization information system ID, medical record ID).</td></tr><tr><td style=\"white-space:nowrap\">DE2<a name=\"IMMZ.C-DE2\"> </a></td><td>Name</td><td>The full name of the client</td></tr><tr><td style=\"white-space:nowrap\">DE3<a name=\"IMMZ.C-DE3\"> </a></td><td>First name</td><td>Client's first name or given name</td></tr><tr><td style=\"white-space:nowrap\">DE3.1<a name=\"IMMZ.C-DE3.461\"> </a></td><td>Middle name</td><td>Client's middle name or given name</td></tr><tr><td style=\"white-space:nowrap\">DE4<a name=\"IMMZ.C-DE4\"> </a></td><td>Family name</td><td>Client's family name or last name</td></tr><tr><td style=\"white-space:nowrap\">DE5<a name=\"IMMZ.C-DE5\"> </a></td><td>Sex</td><td>Documentation of a specific instance of sex information for the client</td></tr><tr><td style=\"white-space:nowrap\">DE6<a name=\"IMMZ.C-DE6\"> </a></td><td>Male</td><td>Client's biological sex is male</td></tr><tr><td style=\"white-space:nowrap\">DE7<a name=\"IMMZ.C-DE7\"> </a></td><td>Female</td><td>Client's biological sex is female</td></tr><tr><td style=\"white-space:nowrap\">DE8<a name=\"IMMZ.C-DE8\"> </a></td><td>Biological sex not specified</td><td>Client's biological sex is not specified</td></tr><tr><td style=\"white-space:nowrap\">DE9<a name=\"IMMZ.C-DE9\"> </a></td><td>Intersex</td><td>Client's biological sex is intersex</td></tr><tr><td style=\"white-space:nowrap\">DE10<a name=\"IMMZ.C-DE10\"> </a></td><td>Date of birth</td><td>Client's date of birth (DOB) if known; if unknown, use assigned DOB for administrative purposes</td></tr><tr><td style=\"white-space:nowrap\">DE13<a name=\"IMMZ.C-DE13\"> </a></td><td>Age</td><td>The client's calculated age (presented as number of years, months, days) based on the date of birth (DOB) and the visit date</td></tr><tr><td style=\"white-space:nowrap\">DE14<a name=\"IMMZ.C-DE14\"> </a></td><td>Mother (multiple)</td><td>The client's mother</td></tr><tr><td style=\"white-space:nowrap\">DE15<a name=\"IMMZ.C-DE15\"> </a></td><td>Mother's full name</td><td>The full name of the client's mother</td></tr><tr><td style=\"white-space:nowrap\">DE16<a name=\"IMMZ.C-DE16\"> </a></td><td>Mother's first name</td><td>First or given name of the client's mother</td></tr><tr><td style=\"white-space:nowrap\">DE16.1<a name=\"IMMZ.C-DE16.461\"> </a></td><td>Mother's Middle name</td><td>Client's middle name or given name</td></tr><tr><td style=\"white-space:nowrap\">DE17<a name=\"IMMZ.C-DE17\"> </a></td><td>Mother's family name</td><td>Family name or last name of the client's mother</td></tr><tr><td style=\"white-space:nowrap\">DE14.f<a name=\"IMMZ.C-DE14.46f\"> </a></td><td>Father's (multiple)</td><td>The client's father</td></tr><tr><td style=\"white-space:nowrap\">DE15.f<a name=\"IMMZ.C-DE15.46f\"> </a></td><td>Father's full name</td><td>The full name of the client's father</td></tr><tr><td style=\"white-space:nowrap\">DE16.f<a name=\"IMMZ.C-DE16.46f\"> </a></td><td>Father's first name</td><td>First or given name of the client's father</td></tr><tr><td style=\"white-space:nowrap\">DE16.1.f<a name=\"IMMZ.C-DE16.461.46f\"> </a></td><td>Father's Middle name</td><td>Client's middle name or given name</td></tr><tr><td style=\"white-space:nowrap\">DE17.f<a name=\"IMMZ.C-DE17.46f\"> </a></td><td>Father's family name</td><td>Family name or last name of the client's father</td></tr><tr><td style=\"white-space:nowrap\">DE18<a name=\"IMMZ.C-DE18\"> </a></td><td>Contact phone number</td><td>Client's phone number</td></tr><tr><td style=\"white-space:nowrap\">DE19<a name=\"IMMZ.C-DE19\"> </a></td><td>Administrative area</td><td>The name of the city/municipality/town/village of where the client lives</td></tr><tr><td style=\"white-space:nowrap\">DE19.1<a name=\"IMMZ.C-DE19.461\"> </a></td><td>County</td><td>County</td></tr><tr><td style=\"white-space:nowrap\">DE19.2<a name=\"IMMZ.C-DE19.462\"> </a></td><td>Sub-County</td><td>Sub-County</td></tr><tr><td style=\"white-space:nowrap\">DE19.3<a name=\"IMMZ.C-DE19.463\"> </a></td><td>Ward</td><td>Ward</td></tr><tr><td style=\"white-space:nowrap\">DE19.4<a name=\"IMMZ.C-DE19.464\"> </a></td><td>CHU</td><td>CHU</td></tr><tr><td style=\"white-space:nowrap\">DE20<a name=\"IMMZ.C-DE20\"> </a></td><td>Active health worker</td><td>Is the client an active and participating health worker. This data element is used mainly for reporting and indicators purposes.</td></tr></table></div>"},"url":"http://health.go.ke/ig/smart-immunizations-measles/CodeSystem/IMMZ.C","version":"0.1.0","name":"IMMZ_C","title":"IMMZ.C CodeSystem for Data Elements","status":"draft","experimental":false,"date":"2023-10-26T13:28:19+00:00","publisher":"Kenya MOH","contact":[{"name":"Kenya MOH","telecom":[{"system":"url","value":"http://health.go.ke"}]}],"description":"CodeSystem for IMMZ.C Data Elements","caseSensitive":false,"content":"complete","count":29,"concept":[{"code":"DE1","display":"Unique identifier","definition":"Unique identifier for the client, according to the policies applicable to each country. There can be more than one unique identifier used to link records (e.g. national ID, health ID, immunization information system ID, medical record ID)."},{"code":"DE2","display":"Name","definition":"The full name of the client"},{"code":"DE3","display":"First name","definition":"Client's first name or given name"},{"code":"DE3.1","display":"Middle name","definition":"Client's middle name or given name"},{"code":"DE4","display":"Family name","definition":"Client's family name or last name"},{"code":"DE5","display":"Sex","definition":"Documentation of a specific instance of sex information for the client"},{"code":"DE6","display":"Male","definition":"Client's biological sex is male"},{"code":"DE7","display":"Female","definition":"Client's biological sex is female"},{"code":"DE8","display":"Biological sex not specified","definition":"Client's biological sex is not specified"},{"code":"DE9","display":"Intersex","definition":"Client's biological sex is intersex"},{"code":"DE10","display":"Date of birth","definition":"Client's date of birth (DOB) if known; if unknown, use assigned DOB for administrative purposes"},{"code":"DE13","display":"Age","definition":"The client's calculated age (presented as number of years, months, days) based on the date of birth (DOB) and the visit date"},{"code":"DE14","display":"Mother (multiple)","definition":"The client's mother"},{"code":"DE15","display":"Mother's full name","definition":"The full name of the client's mother"},{"code":"DE16","display":"Mother's first name","definition":"First or given name of the client's mother"},{"code":"DE16.1","display":"Mother's Middle name","definition":"Client's middle name or given name"},{"code":"DE17","display":"Mother's family name","definition":"Family name or last name of the client's mother"},{"code":"DE14.f","display":"Father's (multiple)","definition":"The client's father"},{"code":"DE15.f","display":"Father's full name","definition":"The full name of the client's father"},{"code":"DE16.f","display":"Father's first name","definition":"First or given name of the client's father"},{"code":"DE16.1.f","display":"Father's Middle name","definition":"Client's middle name or given name"},{"code":"DE17.f","display":"Father's family name","definition":"Family name or last name of the client's father"},{"code":"DE18","display":"Contact phone number","definition":"Client's phone number"},{"code":"DE19","display":"Administrative area","definition":"The name of the city/municipality/town/village of where the client lives"},{"code":"DE19.1","display":"County","definition":"County"},{"code":"DE19.2","display":"Sub-County","definition":"Sub-County"},{"code":"DE19.3","display":"Ward","definition":"Ward"},{"code":"DE19.4","display":"CHU","definition":"CHU"},{"code":"DE20","display":"Active health worker","definition":"Is the client an active and participating health worker. This data element is used mainly for reporting and indicators purposes."}]}