<?xml version="1.0" encoding="UTF-8"?>

<ConceptMap xmlns="http://hl7.org/fhir">
  <id value="IMMZD4ConceptMap"/>
  <text>
    <status value="extensions"/><div xmlns="http://www.w3.org/1999/xhtml"><p>Mapping from (not specified) to (not specified)</p><p>ACTIVE. Published on 2023-10-09 by Kenya MOH (Kenya MOH: <a href="http://health.go.ke">http://health.go.ke</a>). </p><div><p>Mapping to and from IMMZ.D4 Data Dictionary to other codesystems.</p>
</div><br/><p><b>Group 1</b>Mapping from <a href="CodeSystem-IMMZ.D4.html">IMMZ.D4 CodeSystem for Check Contraindications Data Elements</a> to <a href="CodeSystem-ICD11.html">ICD-11</a></p><table class="grid"><tr><td><b>Source Code</b></td><td><b>Relationship</b></td><td><b>Target Code</b></td></tr><tr><td>DE162 (Currently pregnant)</td><td><a href="http://hl7.org/fhir/R4/codesystem-concept-map-equivalence.html#null"/></td><td>QA41 (Pregnant state)</td></tr><tr><td>DE165 (Severely immunosuppressed)</td><td><a href="http://hl7.org/fhir/R4/codesystem-concept-map-equivalence.html#null"/></td><td>4B4Z (Diseases of the immune system)</td></tr><tr><td>DE166 (History of anaphylactic reactions)</td><td><a href="http://hl7.org/fhir/R4/codesystem-concept-map-equivalence.html#null"/></td><td>QC44.0 (Personal history of anaphylaxis)</td></tr><tr><td>DE167 (Severe allergic reactions)</td><td><a href="http://hl7.org/fhir/R4/codesystem-concept-map-equivalence.html#null"/></td><td>QC44.2 (Personal history of allergy to drugs, medicaments or biological substances)</td></tr><tr><td>DE168 (Symptomatic HIV infection)</td><td><a href="http://hl7.org/fhir/R4/codesystem-concept-map-equivalence.html#null"/></td><td>1C62.1 (HIV disease clinical stage 2 without mention of tuberculosis or malaria)</td></tr></table><hr/><p><b>Group 2</b>Mapping from <a href="CodeSystem-ICD11.html">ICD-11</a> to <a href="CodeSystem-IMMZ.D4.html">IMMZ.D4 CodeSystem for Check Contraindications Data Elements</a></p><table class="grid"><tr><td><b>Source Code</b></td><td><b>Relationship</b></td><td><b>Target Code</b></td></tr><tr><td>QA41 (Pregnant state)</td><td><a href="http://hl7.org/fhir/R4/codesystem-concept-map-equivalence.html#null"/></td><td>DE162 (Currently pregnant)</td></tr><tr><td>4B4Z (Diseases of the immune system)</td><td><a href="http://hl7.org/fhir/R4/codesystem-concept-map-equivalence.html#null"/></td><td>DE165 (Severely immunosuppressed)</td></tr><tr><td>QC44.0 (Personal history of anaphylaxis)</td><td><a href="http://hl7.org/fhir/R4/codesystem-concept-map-equivalence.html#null"/></td><td>DE166 (History of anaphylactic reactions)</td></tr><tr><td>QC44.2 (Personal history of allergy to drugs, medicaments or biological substances)</td><td><a href="http://hl7.org/fhir/R4/codesystem-concept-map-equivalence.html#null"/></td><td>DE167 (Severe allergic reactions)</td></tr><tr><td>1C62.1 (HIV disease clinical stage 2 without mention of tuberculosis or malaria)</td><td><a href="http://hl7.org/fhir/R4/codesystem-concept-map-equivalence.html#null"/></td><td>DE168 (Symptomatic HIV infection)</td></tr></table><hr/><p><b>Group 3</b>Mapping from <a href="CodeSystem-IMMZ.D4.html">IMMZ.D4 CodeSystem for Check Contraindications Data Elements</a> to <a href="http://terminology.hl7.org/5.2.0/CodeSystem-v3-loinc.html">Logical Observation Identifiers, Names and Codes (LOINC)</a></p><table class="grid"><tr><td><b>Source Code</b></td><td><b>Relationship</b></td><td><b>Target Code</b></td></tr><tr><td>DE162 (Currently pregnant)</td><td><a href="http://hl7.org/fhir/R4/codesystem-concept-map-equivalence.html#null"/></td><td>82810-3</td></tr><tr><td>DE165 (Severely immunosuppressed)</td><td><a href="http://hl7.org/fhir/R4/codesystem-concept-map-equivalence.html#null"/></td><td>96381-9</td></tr><tr><td>DE168 (Symptomatic HIV infection)</td><td><a href="http://hl7.org/fhir/R4/codesystem-concept-map-equivalence.html#null"/></td><td>47244-9</td></tr></table><hr/><p><b>Group 4</b>Mapping from <a href="http://terminology.hl7.org/5.2.0/CodeSystem-v3-loinc.html">Logical Observation Identifiers, Names and Codes (LOINC)</a> to <a href="CodeSystem-IMMZ.D4.html">IMMZ.D4 CodeSystem for Check Contraindications Data Elements</a></p><table class="grid"><tr><td><b>Source Code</b></td><td><b>Relationship</b></td><td><b>Target Code</b></td><td><b>Comment</b></td></tr><tr><td>82810-3</td><td><a href="http://hl7.org/fhir/R4/codesystem-concept-map-equivalence.html#null"/></td><td>DE162 (Currently pregnant)</td><td/></tr><tr><td>96381-9</td><td><a href="http://hl7.org/fhir/R4/codesystem-concept-map-equivalence.html#null"/></td><td>DE165 (Severely immunosuppressed)</td><td/></tr><tr><td>47244-9</td><td><a href="http://hl7.org/fhir/R4/codesystem-concept-map-equivalence.html#null"/></td><td>DE168 (Symptomatic HIV infection)</td><td>The source concept is more specific than the target</td></tr></table><hr/><p><b>Group 5</b>Mapping from <a href="CodeSystem-IMMZ.D4.html">IMMZ.D4 CodeSystem for Check Contraindications Data Elements</a> to <a href="http://hl7.org/fhir/R4/codesystem-snomedct.html">SNOMED CT (all versions)</a></p><table class="grid"><tr><td><b>Source Code</b></td><td><b>Relationship</b></td><td><b>Target Code</b></td></tr><tr><td>DE162 (Currently pregnant)</td><td><a href="http://hl7.org/fhir/R4/codesystem-concept-map-equivalence.html#null"/></td><td>77386006</td></tr><tr><td>DE165 (Severely immunosuppressed)</td><td><a href="http://hl7.org/fhir/R4/codesystem-concept-map-equivalence.html#null"/></td><td>370388006</td></tr><tr><td>DE166 (History of anaphylactic reactions)</td><td><a href="http://hl7.org/fhir/R4/codesystem-concept-map-equivalence.html#null"/></td><td>10839421000119100</td></tr><tr><td>DE167 (Severe allergic reactions)</td><td><a href="http://hl7.org/fhir/R4/codesystem-concept-map-equivalence.html#null"/></td><td>419076005</td></tr><tr><td>DE168 (Symptomatic HIV infection)</td><td><a href="http://hl7.org/fhir/R4/codesystem-concept-map-equivalence.html#null"/></td><td>86406008</td></tr></table><hr/><p><b>Group 6</b>Mapping from <a href="http://hl7.org/fhir/R4/codesystem-snomedct.html">SNOMED CT (all versions)</a> to <a href="CodeSystem-IMMZ.D4.html">IMMZ.D4 CodeSystem for Check Contraindications Data Elements</a></p><table class="grid"><tr><td><b>Source Code</b></td><td><b>Relationship</b></td><td><b>Target Code</b></td><td><b>Comment</b></td></tr><tr><td>77386006</td><td><a href="http://hl7.org/fhir/R4/codesystem-concept-map-equivalence.html#null"/></td><td>DE162 (Currently pregnant)</td><td/></tr><tr><td>370388006</td><td><a href="http://hl7.org/fhir/R4/codesystem-concept-map-equivalence.html#null"/></td><td>DE165 (Severely immunosuppressed)</td><td/></tr><tr><td>10839421000119100</td><td><a href="http://hl7.org/fhir/R4/codesystem-concept-map-equivalence.html#null"/></td><td>DE166 (History of anaphylactic reactions)</td><td/></tr><tr><td>419076005</td><td><a href="http://hl7.org/fhir/R4/codesystem-concept-map-equivalence.html#null"/></td><td>DE167 (Severe allergic reactions)</td><td>The source concept is more specific than the target</td></tr><tr><td>86406008</td><td><a href="http://hl7.org/fhir/R4/codesystem-concept-map-equivalence.html#null"/></td><td>DE168 (Symptomatic HIV infection)</td><td/></tr></table></div>
  </text>
  <url value="http://health.go.ke/ig/smart-immunizations-measles/ConceptMap/IMMZD4ConceptMap"/>
  <version value="0.1.0"/>
  <name value="IMMZ_D4_ConceptMap"/>
  <title value="ConceptMap to and from IMMZ.D4 DataElements"/>
  <status value="active"/>
  <experimental value="false"/>
  <date value="2023-10-09"/>
  <publisher value="Kenya MOH"/>
  <contact>
    <name value="Kenya MOH"/>
    <telecom>
      <system value="url"/>
      <value value="http://health.go.ke"/>
    </telecom>
  </contact>
  <description value="Mapping to and from IMMZ.D4 Data Dictionary to other codesystems."/>
  <group>
    <source value="http://health.go.ke/ig/smart-immunizations-measles/CodeSystem/IMMZ.D4"/>
    <target value="http://id.who.int/icd11/mms"/>
    <element>
      <code value="DE162"/>
      <target>
        <modifierExtension url="http://hl7.org/fhir/1.0/StructureDefinition/extension-ConceptMap.element.target.equivalence">
          <valueCode value="equivalent"/>
        </modifierExtension>
        <code value="QA41"/>
        <equivalence value="equivalent"/>
      </target>
    </element>
    <element>
      <code value="DE165"/>
      <target>
        <modifierExtension url="http://hl7.org/fhir/1.0/StructureDefinition/extension-ConceptMap.element.target.equivalence">
          <valueCode value="relatedto"/>
        </modifierExtension>
        <code value="4B4Z"/>
        <equivalence value="relatedto"/>
      </target>
    </element>
    <element>
      <code value="DE166"/>
      <target>
        <modifierExtension url="http://hl7.org/fhir/1.0/StructureDefinition/extension-ConceptMap.element.target.equivalence">
          <valueCode value="equivalent"/>
        </modifierExtension>
        <code value="QC44.0"/>
        <equivalence value="equivalent"/>
      </target>
    </element>
    <element>
      <code value="DE167"/>
      <target>
        <modifierExtension url="http://hl7.org/fhir/1.0/StructureDefinition/extension-ConceptMap.element.target.equivalence">
          <valueCode value="relatedto"/>
        </modifierExtension>
        <code value="QC44.2"/>
        <equivalence value="relatedto"/>
      </target>
    </element>
    <element>
      <code value="DE168"/>
      <target>
        <modifierExtension url="http://hl7.org/fhir/1.0/StructureDefinition/extension-ConceptMap.element.target.equivalence">
          <valueCode value="equivalent"/>
        </modifierExtension>
        <code value="1C62.1"/>
        <equivalence value="equivalent"/>
      </target>
    </element>
  </group>
  <group>
    <source value="http://id.who.int/icd11/mms"/>
    <target value="http://health.go.ke/ig/smart-immunizations-measles/CodeSystem/IMMZ.D4"/>
    <element>
      <code value="QA41"/>
      <target>
        <modifierExtension url="http://hl7.org/fhir/1.0/StructureDefinition/extension-ConceptMap.element.target.equivalence">
          <valueCode value="equivalent"/>
        </modifierExtension>
        <code value="DE162"/>
        <equivalence value="equivalent"/>
      </target>
    </element>
    <element>
      <code value="4B4Z"/>
      <target>
        <modifierExtension url="http://hl7.org/fhir/1.0/StructureDefinition/extension-ConceptMap.element.target.equivalence">
          <valueCode value="relatedto"/>
        </modifierExtension>
        <code value="DE165"/>
        <equivalence value="relatedto"/>
      </target>
    </element>
    <element>
      <code value="QC44.0"/>
      <target>
        <modifierExtension url="http://hl7.org/fhir/1.0/StructureDefinition/extension-ConceptMap.element.target.equivalence">
          <valueCode value="equivalent"/>
        </modifierExtension>
        <code value="DE166"/>
        <equivalence value="equivalent"/>
      </target>
    </element>
    <element>
      <code value="QC44.2"/>
      <target>
        <modifierExtension url="http://hl7.org/fhir/1.0/StructureDefinition/extension-ConceptMap.element.target.equivalence">
          <valueCode value="relatedto"/>
        </modifierExtension>
        <code value="DE167"/>
        <equivalence value="relatedto"/>
      </target>
    </element>
    <element>
      <code value="1C62.1"/>
      <target>
        <modifierExtension url="http://hl7.org/fhir/1.0/StructureDefinition/extension-ConceptMap.element.target.equivalence">
          <valueCode value="equivalent"/>
        </modifierExtension>
        <code value="DE168"/>
        <equivalence value="equivalent"/>
      </target>
    </element>
  </group>
  <group>
    <source value="http://health.go.ke/ig/smart-immunizations-measles/CodeSystem/IMMZ.D4"/>
    <target value="http://loinc.org"/>
    <element>
      <code value="DE162"/>
      <target>
        <modifierExtension url="http://hl7.org/fhir/1.0/StructureDefinition/extension-ConceptMap.element.target.equivalence">
          <valueCode value="equivalent"/>
        </modifierExtension>
        <code value="82810-3"/>
        <equivalence value="equivalent"/>
      </target>
    </element>
    <element>
      <code value="DE165"/>
      <target>
        <modifierExtension url="http://hl7.org/fhir/1.0/StructureDefinition/extension-ConceptMap.element.target.equivalence">
          <valueCode value="relatedto"/>
        </modifierExtension>
        <code value="96381-9"/>
        <equivalence value="relatedto"/>
      </target>
    </element>
    <element>
      <code value="DE168"/>
      <target>
        <modifierExtension url="http://hl7.org/fhir/1.0/StructureDefinition/extension-ConceptMap.element.target.equivalence">
          <valueCode value="wider"/>
        </modifierExtension>
        <code value="47244-9"/>
        <equivalence value="wider"/>
      </target>
    </element>
  </group>
  <group>
    <source value="http://loinc.org"/>
    <target value="http://health.go.ke/ig/smart-immunizations-measles/CodeSystem/IMMZ.D4"/>
    <element>
      <code value="82810-3"/>
      <target>
        <modifierExtension url="http://hl7.org/fhir/1.0/StructureDefinition/extension-ConceptMap.element.target.equivalence">
          <valueCode value="equivalent"/>
        </modifierExtension>
        <code value="DE162"/>
        <equivalence value="equivalent"/>
      </target>
    </element>
    <element>
      <code value="96381-9"/>
      <target>
        <modifierExtension url="http://hl7.org/fhir/1.0/StructureDefinition/extension-ConceptMap.element.target.equivalence">
          <valueCode value="relatedto"/>
        </modifierExtension>
        <code value="DE165"/>
        <equivalence value="relatedto"/>
      </target>
    </element>
    <element>
      <code value="47244-9"/>
      <target>
        <modifierExtension url="http://hl7.org/fhir/1.0/StructureDefinition/extension-ConceptMap.element.target.equivalence">
          <valueCode value="narrower"/>
        </modifierExtension>
        <code value="DE168"/>
        <equivalence value="narrower"/>
        <comment value="The source concept is more specific than the target"/>
      </target>
    </element>
  </group>
  <group>
    <source value="http://health.go.ke/ig/smart-immunizations-measles/CodeSystem/IMMZ.D4"/>
    <target value="http://snomed.info/sct"/>
    <element>
      <code value="DE162"/>
      <target>
        <modifierExtension url="http://hl7.org/fhir/1.0/StructureDefinition/extension-ConceptMap.element.target.equivalence">
          <valueCode value="equivalent"/>
        </modifierExtension>
        <code value="77386006"/>
        <equivalence value="equivalent"/>
      </target>
    </element>
    <element>
      <code value="DE165"/>
      <target>
        <modifierExtension url="http://hl7.org/fhir/1.0/StructureDefinition/extension-ConceptMap.element.target.equivalence">
          <valueCode value="equivalent"/>
        </modifierExtension>
        <code value="370388006"/>
        <equivalence value="equivalent"/>
      </target>
    </element>
    <element>
      <code value="DE166"/>
      <target>
        <modifierExtension url="http://hl7.org/fhir/1.0/StructureDefinition/extension-ConceptMap.element.target.equivalence">
          <valueCode value="equivalent"/>
        </modifierExtension>
        <code value="10839421000119100"/>
        <equivalence value="equivalent"/>
      </target>
    </element>
    <element>
      <code value="DE167"/>
      <target>
        <modifierExtension url="http://hl7.org/fhir/1.0/StructureDefinition/extension-ConceptMap.element.target.equivalence">
          <valueCode value="wider"/>
        </modifierExtension>
        <code value="419076005"/>
        <equivalence value="wider"/>
      </target>
    </element>
    <element>
      <code value="DE168"/>
      <target>
        <modifierExtension url="http://hl7.org/fhir/1.0/StructureDefinition/extension-ConceptMap.element.target.equivalence">
          <valueCode value="equivalent"/>
        </modifierExtension>
        <code value="86406008"/>
        <equivalence value="equivalent"/>
      </target>
    </element>
  </group>
  <group>
    <source value="http://snomed.info/sct"/>
    <target value="http://health.go.ke/ig/smart-immunizations-measles/CodeSystem/IMMZ.D4"/>
    <element>
      <code value="77386006"/>
      <target>
        <modifierExtension url="http://hl7.org/fhir/1.0/StructureDefinition/extension-ConceptMap.element.target.equivalence">
          <valueCode value="equivalent"/>
        </modifierExtension>
        <code value="DE162"/>
        <equivalence value="equivalent"/>
      </target>
    </element>
    <element>
      <code value="370388006"/>
      <target>
        <modifierExtension url="http://hl7.org/fhir/1.0/StructureDefinition/extension-ConceptMap.element.target.equivalence">
          <valueCode value="equivalent"/>
        </modifierExtension>
        <code value="DE165"/>
        <equivalence value="equivalent"/>
      </target>
    </element>
    <element>
      <code value="10839421000119100"/>
      <target>
        <modifierExtension url="http://hl7.org/fhir/1.0/StructureDefinition/extension-ConceptMap.element.target.equivalence">
          <valueCode value="equivalent"/>
        </modifierExtension>
        <code value="DE166"/>
        <equivalence value="equivalent"/>
      </target>
    </element>
    <element>
      <code value="419076005"/>
      <target>
        <modifierExtension url="http://hl7.org/fhir/1.0/StructureDefinition/extension-ConceptMap.element.target.equivalence">
          <valueCode value="narrower"/>
        </modifierExtension>
        <code value="DE167"/>
        <equivalence value="narrower"/>
        <comment value="The source concept is more specific than the target"/>
      </target>
    </element>
    <element>
      <code value="86406008"/>
      <target>
        <modifierExtension url="http://hl7.org/fhir/1.0/StructureDefinition/extension-ConceptMap.element.target.equivalence">
          <valueCode value="equivalent"/>
        </modifierExtension>
        <code value="DE168"/>
        <equivalence value="equivalent"/>
      </target>
    </element>
  </group>
</ConceptMap>