{
  "resourceType" : "ValueSet",
  "id" : "PositiveTestResult-values",
  "text" : {
    "status" : "generated",
    "div" : "<div xmlns=\"http://www.w3.org/1999/xhtml\"><ul><li>Include these codes as defined in <a href=\"http://www.snomed.org/\"><code>http://snomed.info/sct</code></a><table class=\"none\"><tr><td style=\"white-space:nowrap\"><b>Code</b></td><td><b>Display</b></td></tr><tr><td><a href=\"http://snomed.info/id/10828004\">10828004</a></td><td>Positive (qualifier value)</td></tr></table></li></ul></div>"
  },
  "url" : "http://health.go.ke/ig/smart-immunizations-measles/ValueSet/PositiveTestResult-values",
  "version" : "0.1.0",
  "name" : "PositiveTestResultvalues",
  "title" : "Positive Test Result valuest",
  "status" : "draft",
  "experimental" : false,
  "date" : "2023-10-26T13:28:19+00:00",
  "publisher" : "Kenya MOH",
  "contact" : [{
    "name" : "Kenya MOH",
    "telecom" : [{
      "system" : "url",
      "value" : "http://health.go.ke"
    }]
  }],
  "description" : "Codes representing Positive Test Result values",
  "immutable" : true,
  "compose" : {
    "include" : [{
      "system" : "http://snomed.info/sct",
      "concept" : [{
        "code" : "10828004",
        "display" : "Positive (qualifier value)"
      }]
    }]
  }
}